id;number;order_date;delivery_date;status
1;48469;2023-03-19T11:54:08;2023-03-19T01:51:38;reboot Rupiah payment
2;67263;2023-03-19T18:08:04;2023-03-19T02:50:50;Eritrea
3;77186;2023-03-19T07:50:26;2023-03-19T07:35:02;target Cambridgeshire
4;80077;2023-03-19T12:26:56;2023-03-19T15:19:47;Account Outdoors Investment
5;37759;2023-03-19T09:50:17;2023-03-19T05:10:45;feed Oval Creek
6;74641;2023-03-19T16:07:10;2023-03-19T16:05:36;Virginia Finland
7;7374;2023-03-19T18:45:23;2023-03-19T00:18:33;Cotton olive Response
8;59271;2023-03-18T23:05:22;2023-03-19T17:17:16;Grove client-server
9;30058;2023-03-19T08:44:27;2023-03-19T17:14:22;Regional
10;93769;2023-03-19T17:46:12;2023-03-19T08:38:35;impactful protocol programming
